{
    "0073.png": {
        "Jaccard Index (IoU)": 0.013190258325155798,
        "F1 Score": 0.02603708082815527,
        "Precision": 0.013865630651751625,
        "Recall": 0.21309450277949352,
        "Accuracy": 0.704620361328125,
        "Cohen's Kappa Score": -0.009070621510502308
    },
    "0139.png": {
        "Jaccard Index (IoU)": 0.058030862855900894,
        "F1 Score": 0.109695973705834,
        "Precision": 0.0658121764850875,
        "Recall": 0.32922318125770655,
        "Accuracy": 0.9834671020507812,
        "Cohen's Kappa Score": 0.10508121507882118
    },
    "0049.png": {
        "Jaccard Index (IoU)": 0.03918506424362888,
        "F1 Score": 0.07541498736252476,
        "Precision": 0.04574080212131256,
        "Recall": 0.2147024504084014,
        "Accuracy": 0.8967361450195312,
        "Cohen's Kappa Score": 0.04451414644460738
    },
    "0139_1.png": {
        "Jaccard Index (IoU)": 0.013250992501102779,
        "F1 Score": 0.026155399993034515,
        "Precision": 0.013518621856605404,
        "Recall": 0.400961025093433,
        "Accuracy": 0.7866668701171875,
        "Cohen's Kappa Score": 0.012504479550813019
    },
    "0016.png": {
        "Jaccard Index (IoU)": 0.01260227593341484,
        "F1 Score": 0.02489087025169499,
        "Precision": 0.012838015855907643,
        "Recall": 0.4069855732725892,
        "Accuracy": 0.8397979736328125,
        "Cohen's Kappa Score": 0.015299242886151032
    },
    "0116_1.png": {
        "Jaccard Index (IoU)": 0.0642641032515032,
        "F1 Score": 0.12076721004714096,
        "Precision": 0.0811942031790579,
        "Recall": 0.23559143559143558,
        "Accuracy": 0.8135910034179688,
        "Cohen's Kappa Score": 0.04345425268762748
    },
    "0107.png": {
        "Jaccard Index (IoU)": 0.04311284046692607,
        "F1 Score": 0.08266189197254552,
        "Precision": 0.05151571508275991,
        "Recall": 0.2090566037735849,
        "Accuracy": 0.9765472412109375,
        "Cohen's Kappa Score": 0.07516109072664379
    },
    "0116.png": {
        "Jaccard Index (IoU)": 0.0910048451653676,
        "F1 Score": 0.1668275728905194,
        "Precision": 0.111830183794978,
        "Recall": 0.3282674772036474,
        "Accuracy": 0.9835395812988281,
        "Cohen's Kappa Score": 0.16054084985951067
    },
    "0137.png": {
        "Jaccard Index (IoU)": 0.03261115022382806,
        "F1 Score": 0.06316249871359474,
        "Precision": 0.033948696674272284,
        "Recall": 0.45286847445120826,
        "Accuracy": 0.7221908569335938,
        "Cohen's Kappa Score": 0.025675622644651286
    },
    "0101.png": {
        "Jaccard Index (IoU)": 0.0656097894305268,
        "F1 Score": 0.12314036541572945,
        "Precision": 0.08941773167516763,
        "Recall": 0.1977002027369488,
        "Accuracy": 0.6609420776367188,
        "Cohen's Kappa Score": -0.05118620597696677
    },
    "Average": {
        "Jaccard Index (IoU)": 0.04328621823973549,
        "F1 Score": 0.08187538511807736,
        "Precision": 0.051968177737690045,
        "Recall": 0.29884509265684484,
        "Accuracy": 0.8368099212646485,
        "Cohen's Kappa Score": 0.042197407239135676
    }
}