{
    "0073.png": {
        "Jaccard Index (IoU)": 0.1263920733704553,
        "F1 Score": 0.224419323179819,
        "Precision": 0.13460364524287086,
        "Recall": 0.6744592527856674,
        "Accuracy": 0.9166640628661594,
        "Cohen's Kappa Score": 0.20059332660035822
    },
    "0139.png": {
        "Jaccard Index (IoU)": 0.553306342780027,
        "F1 Score": 0.7124239791485666,
        "Precision": 0.9070796460176991,
        "Recall": 0.586552217453505,
        "Accuracy": 0.9987072130481651,
        "Cohen's Kappa Score": 0.7118060280031451
    },
    "0049.png": {
        "Jaccard Index (IoU)": 0.2954412281729755,
        "F1 Score": 0.45612447982630716,
        "Precision": 0.40433039294306333,
        "Recall": 0.5231375804108737,
        "Accuracy": 0.9765189270258869,
        "Cohen's Kappa Score": 0.44432608581746
    },
    "0139_1.png": {
        "Jaccard Index (IoU)": 0.1313496015936255,
        "F1 Score": 0.2321998459337515,
        "Precision": 0.14225997842502697,
        "Recall": 0.6313584679832436,
        "Accuracy": 0.9727499257916855,
        "Cohen's Kappa Score": 0.2239327310624799
    },
    "0016.png": {
        "Jaccard Index (IoU)": 0.13898355311898059,
        "F1 Score": 0.24404839339144013,
        "Precision": 0.14382091383011347,
        "Recall": 0.8051502145922746,
        "Accuracy": 0.9773039728788139,
        "Cohen's Kappa Score": 0.2381662035654496
    },
    "0116_1.png": {
        "Jaccard Index (IoU)": 0.31729278913572956,
        "F1 Score": 0.4817346481398475,
        "Precision": 0.9205567451820128,
        "Recall": 0.32622552739414173,
        "Accuracy": 0.9638722679623178,
        "Cohen's Kappa Score": 0.46738914442089563
    },
    "0107.png": {
        "Jaccard Index (IoU)": 0.31890660592255127,
        "F1 Score": 0.4835924006908463,
        "Precision": 0.6624605678233438,
        "Recall": 0.38077969174977333,
        "Accuracy": 0.996496586417535,
        "Cohen's Kappa Score": 0.4819632754871155
    },
    "0116.png": {
        "Jaccard Index (IoU)": 0.6843434343434344,
        "F1 Score": 0.8125937031484259,
        "Precision": 0.9453488372093023,
        "Recall": 0.7125328659070991,
        "Accuracy": 0.9985353622146885,
        "Cohen's Kappa Score": 0.811873065499198
    },
    "0137.png": {
        "Jaccard Index (IoU)": 0.0016374858294495528,
        "F1 Score": 0.003269617706237424,
        "Precision": 0.002352728259885983,
        "Recall": 0.00535751081805069,
        "Accuracy": 0.9380868315393148,
        "Cohen's Kappa Score": -0.023695687417121247
    },
    "0101.png": {
        "Jaccard Index (IoU)": 0.0,
        "F1 Score": 0.0,
        "Precision": 0.0,
        "Recall": 0.0,
        "Accuracy": 0.78574106766236,
        "Cohen's Kappa Score": -0.11896813496429282
    },
    "Average": {
        "Jaccard Index (IoU)": 0.2567653114267229,
        "F1 Score": 0.36504063911652407,
        "Precision": 0.4262813454933319,
        "Recall": 0.46455533290946305,
        "Accuracy": 0.9524676217406928,
        "Cohen's Kappa Score": 0.34373860380746873
    }
}